/* rolesテーブル */
INSERT IGNORE INTO roles (id, name) VALUES
(1, 'ROLE_FREE_MEMBER'),
(2, 'ROLE_PAID_MEMBER'),
(3, 'ROLE_ADMIN');

/* usersテーブル */
INSERT IGNORE INTO users (id, name, furigana, email, password, role_id, enabled) VALUES
(1, '侍 太郎', 'サムライ タロウ', 'taro.samurai@example.com', '$2a$10$2JNjTwZBwo7fprL2X4sv.OEKqxnVtsVQvuXDkI8xVGix.U3W5B7CO', 1, true),
(2, '侍 次郎', 'サムライ ジロウ', 'jiro.samurai@example.com', '$2a$10$2JNjTwZBwo7fprL2X4sv.OEKqxnVtsVQvuXDkI8xVGix.U3W5B7CO', 2, true),
(3, '侍 花子', 'サムライ ハナコ', 'hanako.samurai@example.com', '$2a$10$2JNjTwZBwo7fprL2X4sv.OEKqxnVtsVQvuXDkI8xVGix.U3W5B7CO', 3, true),
(4, '山田 太郎', 'ヤマダ タロウ', 'taro.yamada@example.com', 'password', 1, false),
(5, '佐藤 花子', 'サトウ ハナコ', 'hanako.sato@example.com', 'password', 1, false),
(6, '鈴木 一郎', 'スズキ イチロウ', 'ichiro.suzuki@example.com', 'password', 1, false),
(7, '高橋 雅子', 'タカハシ マサコ', 'masako.takahashi@example.com', 'password', 1, false),
(8, '中村 純一', 'ナカムラ ジュンイチ', 'junichi.nakamura@example.com', 'password', 1, false),
(9, '小林 由美子', 'コバヤシ ユミコ', 'yumiko.kobayashi@example.com', 'password', 1, false),
(10, '加藤 仁', 'カトウ ヒトシ', 'hitoshi.kato@example.com', 'password', 1, false),
(11, '吉田 美穂', 'ヨシダ ミホ', 'miho.yoshida@example.com', 'password', 1, false),
(12, '渡辺 翔', 'ワタナベ ショウ', 'sho.watanabe@example.com', 'password', 1, false),
(13, '伊藤 真理', 'イトウ マリ', 'mari.ito@example.com', 'password', 1, false),
(14, '斎藤 雄大', 'サイトウ ユウダイ', 'yudai.saito@example.com', 'password', 1, false),
(15, '田村 里美', 'タムラ サトミ', 'satomi.tamura@example.com', 'password', 1, false),
(16, '金子 智也', 'カネコ トモヤ', 'tomoya.kaneko@example.com', 'password', 1, false),
(17, '山口 真緒', 'ヤマグチ マオ', 'mao.yamaguchi@example.com', 'password', 1, false),
(18, '森 祐太', 'モリ ユウタ', 'yuta.mori@example.com', 'password', 1, false),
(19, '原田 知子', 'ハラダ トモコ', 'tomoko.harada@example.com', 'password', 1, false),
(20, '浜田 翔平', 'ハマダ ショウヘイ', 'shohei.hamada@example.com', 'password', 1, false),
(21, '中川 彩', 'ナカガワ アヤ', 'aya.nakagawa@example.com', 'password', 1, false),
(22, '松本 龍', 'マツモト リュウ', 'ryu.matsumoto@example.com', 'password', 1, false),
(23, '石田 美晴', 'イシダ ミハル', 'miharu.ishida@example.com', 'password', 1, false),
(24, '前田 雄介', 'マエダ ユウスケ', 'yusuke.maeda@example.com', 'password', 1, false),
(25, '岡本 里香', 'オカモト リカ', 'rika.okamoto@example.com', 'password', 1, false),
(26, '吉岡 駿', 'ヨシオカ シュン', 'shun.yoshioka@example.com', 'password', 1, false),
(27, '藤井 美咲', 'フジイ ミサキ', 'misaki.fujii@example.com', 'password', 1, false),
(28, '山内 光', 'ヤマウチ ヒカル', 'hikaru.yamauchi@example.com', 'password', 1, false),
(29, '木村 香', 'キムラ カオリ', 'kaori.kimura@example.com', 'password', 1, false),
(30, '中山 大地', 'ナカヤマ ダイチ','daichi.nakayama@example.com', 'password', 1, false),
(31, '西村 葵', 'ニシムラ アオイ', 'aoi.nishimura@example.com', 'password', 1, false),
(32, '小川 真司', 'オガワ シンジ', 'shinji.ogawa@example.com', 'password', 1, false),
(33, '佐々木 美優', 'ササキ ミユ', 'miyu.sasaki@example.com', 'password', 1, false),
(34, '田辺 雄一', 'タナベ ユウイチ', 'yuichi.tanabe@example.com', 'password', 1, false),
(35, '松井 美希', 'マツイ ミキ', 'miki.matsui@example.com', 'password', 1, false),
(36, '新井 慎太郎', 'アライ シンタロウ', 'shintaro.arai@example.com', 'password', 1, false),
(37, '大塚 美紀', 'オオツカ ミキ', 'miki.otsuka@example.com', 'password', 1, false),
(38, '中島 駿平', 'ナカジマ シュンペイ', 'shunpei.nakajima@example.com', 'password', 1, false),
(39, '加藤 里絵', 'カトウ リエ', 'rie.kato@example.com', 'password', 1, false),
(40, '渡辺 一樹', 'ワタナベ カズキ', 'kazuki.watanabe@example.com', 'password', 1, false),
(41, '斉藤 理絵', 'サイトウ リエ', 'rie.saito@example.com', 'password', 1, false),
(42, '井上 慎吾', 'イノウエ シンゴ', 'shingo.inoue@example.com', 'password', 1, false),
(43, '小林 美智子', 'コバヤシ ミチコ', 'michiko.kobayashi@example.com', 'password', 1, false),
(44, '山田 真二', 'ヤマダ シンジ', 'shinji.yamada@example.com', 'password', 1, false),
(45, '中村 美穂', 'ナカムラ ミホ', 'miho.nakamura@example.com', 'password', 1, false),
(46, '佐藤 達也', 'サトウ タツヤ', 'tatsuya.sato@example.com', 'password', 1, false),
(47, '田中 美緒', 'タナカ ミオ', 'mio.tanaka@example.com', 'password', 1, false),
(48, '鈴木 洋介', 'スズキ ヨウスケ', 'yosuke.suzuki@example.com', 'password', 1, false),
(49, '佐藤 真一', 'サトウ シンイチ', 'shinichi.sato@example.com', 'password', 1, false),
(50, '山本 昭二', 'ヤマモト ショウジ', 'shoji.yamamoto@example.com', 'password', 1, false),
(51, '井口 美和', 'イグチ ミワ', 'miwa.iguchi@example.com', 'password', 1, false),
(52, '山口 真紀', 'ヤマグチ マキ', 'maki.yamaguchi@example.com', 'password', 1, false),
(53, '井上 祐一', 'イノウエ ユウイチ', 'yuichi.inoue@example.com', 'password', 1, false),
(54, '斉藤 裕子', 'サイトウ ヒロコ', 'hiroko.saito@example.com', 'password', 1, false),
(55, '佐藤 慎吾', 'サトウ シンゴ', 'shingo.sato@example.com', 'password', 1, false),
(56, '小林 一樹', 'コバヤシ カズキ', 'kazuki.kobayashi@example.com', 'password', 1, false),
(57, '山田 美智子', 'ヤマダ ミチコ', 'michiko.yamada@example.com', 'password', 1, false),
(58, '中村 駿平', 'ナカムラ シュンペイ', 'shunpei.nakamura@example.com', 'password', 1, false),
(59, '斎藤 美紀', 'サイトウ ミキ', 'miki.saito@example.com', 'password', 1, false),
(60, '佐々木 真一', 'ササキ シンイチ', 'shinichi.sasaki@example.com', 'password', 1, false),
(61, '渡辺 美穂', 'ワタナベ ミホ', 'miho.watanabe@example.com', 'password', 1, false),
(62, '高橋 裕也', 'タカハシ ヒロヤ', 'hiroya.takahashi@example.com', 'password', 1, false),
(63, '山口 美智子', 'ヤマグチ ミチコ', 'michiko.yamaguchi@example.com', 'password', 1, false),
(64, '井上 真二', 'イノウエ シンジ', 'shinji.inoue@example.com', 'password', 1, false),
(65, '斉藤 美穂', 'サイトウ ミホ', 'miho.saito@example.com', 'password', 1, false),
(66, '鈴木 美紀', 'スズキ ミキ', 'miki.suzuki@example.com', 'password', 1, false),
(67, '中村 明美', 'ナカムラ アケミ', 'akemi.nakamura@example.com', 'password', 1, false),
(68, '木村 健太', 'キムラ ケンタ', 'kenta.kimura@example.com', 'password', 1, false),
(69, '吉田 美由紀', 'ヨシダ ミユキ','miyuki.yoshida@example.com', 'password', 1, false),
(70, '鈴木 義司', 'スズキ ヨシハル', 'yoshiharu.suzuki@example.com', 'password', 1, false),
(71, '高田 真理子', 'タカダ マリコ', 'mariko.takada@example.com', 'password', 1, false),
(72, '今井 真一', 'イマイ シンイチ', 'shinichi.imai@example.com', 'password', 1, false),
(73, '上田 美穂', 'ウエダ ミホ', 'miho.ueda@example.com', 'password', 1, false),
(74, '岡田 健太', 'オカダ ケンタ', 'kenta.okada@example.com', 'password', 1, false),
(75, '佐藤 一郎', 'サトウ イチロウ', 'ichiro.sato@example.com', 'password', 1, false),
(76, '高橋 直子', 'タカハシ ナオコ', 'naoko.takahashi@example.com', 'password', 1, false),
(77, '田中 充', 'タナカ ミツル', 'mitsuru.tanaka@example.com', 'password', 1, false),
(78, '渡辺 静香', 'ワタナベ シズカ', 'shizuka.watanabe@example.com', 'password', 1, false),
(79, '伊藤 純一', 'イトウ ジュンイチ', 'junichi.ito@example.com', 'password', 1, false),
(80, '山本 美奈子', 'ヤマモト ミナコ', 'minako.yamamoto@example.com', 'password', 1, false),
(81, '中島 勇人', 'ナカジマ ユウト', 'yuto.nakajima@example.com', 'password', 1, false),
(82, '小林 里美', 'コバヤシ サトミ', 'satomi.kobayashi@example.com', 'password', 1, false),
(83, '吉田 真治', 'ヨシダ シンジ', 'shinji.yoshida@example.com', 'password', 1, false),
(84, '山田 淳子', 'ヤマダ ジュンコ', 'junko.yamada@example.com', 'password', 1, false),
(85, '斎藤 幸雄', 'サイトウ ユキオ', 'yukio.saito@example.com', 'password', 1, false),
(86, '鈴木 由紀', 'スズキ ユキ', 'yuki.suzuki@example.com', 'password', 1, false),
(87, '高野 明美', 'タカノ アケミ', 'akemi.takano@example.com', 'password', 1, false),
(88, '中村 昌也', 'ナカムラ マサヤ', 'masaya.nakamura@example.com', 'password', 1, false),
(89, '木村 知子', 'キムラ トモコ', 'tomoko.kimura@example.com', 'password', 1, false),
(90, '林 義人', 'ハヤシ ヨシト', 'yoshito.hayashi@example.com', 'password', 1, false),
(91, '田中 花子', 'タナカ ハナコ', 'hanako.tanaka@example.com', 'password', 1, false),
(92, '佐々木 次郎', 'ササキ ジロウ', 'jiro.sasaki@example.com', 'password', 1, false),
(93, '石井 真一', 'イシイ シンイチ', 'shinichi.ishii@example.com', 'password', 1, false),
(94, '小林 美穂', 'コバヤシ ミホ', 'miho.kobayashi@example.com', 'password', 1, false),
(95, '中島 和也', 'ナカジマ カズヤ', 'kazuya.nakajima@example.com', 'password', 1, false),
(96, '松本 純子', 'マツモト ジュンコ', 'junko.matsumoto@example.com', 'password', 1, false),
(97, '石川 良太', 'イシカワ リョウタ', 'ryota.ishikawa@example.com', 'password', 1, false),
(98, '吉岡 里帆', 'ヨシオカ リホ', 'riho.yoshioka@example.com', 'password', 1, false),
(99, '福田 順二', 'フクダ ジュンジ', 'junji.fukuda@example.com', 'password', 1, false),
(100, '石田 花音', 'イシダ カノン', 'kanon.ishida@example.com', 'password', 1, false);

INSERT IGNORE INTO restaurants (id, name, image_name, description, lowest_price, highest_price, postal_code, address, opening_time, closing_time, seating_capacity) VALUES
(1, 'NAGOYA BURGER 名駅店', NULL, '名古屋老舗のお店。老舗の味をご堪能ください。', 3000, 4000, '4500000', '愛知県名古屋市中区栄X-XX-XX', '10:00:00', '20:00:00', 50),
(2, 'Shanties', NULL, '名古屋老舗のお店。老舗の味をご堪能ください。', 4000, 5000, '4500000', '愛知県名古屋市中区栄X-XX-XX', '13:00:00', '23:00:00', 60),
(3, '割烹 柏木', NULL, '名古屋老舗のお店。老舗の味をご堪能ください。', 2000, 4000, '4500000', '愛知県名古屋市中区栄X-XX-XX', '11:00:00', '20:30:00', 70),
(4, '油そば専門店ブラブラ 半田店', NULL, '名古屋老舗のお店。老舗の味をご堪能ください。', 5000, 6000, '4500000', '愛知県名古屋市中区栄X-XX-XX', '9:30:00', '22:00:00', 80),
(5, 'にく屋 浄心店', NULL, '名古屋老舗のお店。老舗の味をご堪能ください。', 3000, 4000, '4500000', '愛知県名古屋市中区栄X-XX-XX', '13:00:00', '23:00:00', 90),
(6, 'TRED', NULL, '名古屋老舗のお店。老舗の味をご堪能ください。', 4000, 5000, '4500000', '愛知県名古屋市中区栄X-XX-XX', '13:00:00', '23:00:00', 100),
(7, 'きんやま', NULL, '名古屋老舗のお店。老舗の味をご堪能ください。', 2000, 4000, '4500000', '愛知県名古屋市中区栄X-XX-XX', '9:30:00', '22:00:00', 110),
(8, 'NAGOYA BURGER 名古屋店', NULL, '名古屋老舗のお店。老舗の味をご堪能ください。', 5000, 6000, '4500000', '愛知県名古屋市中区栄X-XX-XX', '13:00:00', '23:00:00', 120),
(9, '焼肉小山', NULL, '名古屋老舗のお店。老舗の味をご堪能ください。', 3000, 4000, '4500000', '愛知県名古屋市中区栄X-XX-XX', '11:00:00', '20:30:00', 130),
(10, '焼き鳥七輪 栄住吉店', NULL, '名古屋老舗のお店。老舗の味をご堪能ください。', 4000, 5000, '4500000', '愛知県名古屋市中区栄X-XX-XX', '10:00:00', '20:00:00', 140),
(11, '肉の庭', NULL, '名古屋老舗のお店。老舗の味をご堪能ください。', 2000, 4000, '4500000', '愛知県名古屋市中区栄X-XX-XX', '9:30:00', '22:00:00', 150),
(12, 'CRAFT BEER NAGOYA2', NULL, '名古屋老舗のお店。老舗の味をご堪能ください。', 5000, 6000, '4500000', '愛知県名古屋市中区栄X-XX-XX', '11:00:00', '20:30:00', 50),
(13, '麺屋やしろ', NULL, '名古屋老舗のお店。老舗の味をご堪能ください。', 3000, 4000, '4500000', '愛知県名古屋市中区栄X-XX-XX', '11:00:00', '20:30:00', 60),
(14, 'ハワイアンバーベキュー 名古屋店', NULL, '名古屋老舗のお店。老舗の味をご堪能ください。', 4000, 5000, '4500000', '愛知県名古屋市中区栄X-XX-XX', '9:30:00', '22:00:00', 70),
(15, '日本酒処 花雅', NULL, '名古屋老舗のお店。老舗の味をご堪能ください。', 2000, 4000, '4500000', '愛知県名古屋市中区栄X-XX-XX', '11:00:00', '20:30:00', 80),
(16, 'なわ', NULL, '名古屋老舗のお店。老舗の味をご堪能ください。', 5000, 6000, '4500000', '愛知県名古屋市中区栄X-XX-XX', '11:00:00', '20:30:00', 90),
(17, 'お酒とご飯', NULL, '名古屋老舗のお店。老舗の味をご堪能ください。', 3000, 4000, '4500000', '愛知県名古屋市中区栄X-XX-XX', '10:00:00', '20:00:00', 100),
(18, '焼肉SUKI 名古屋新幹線口店', NULL, '名古屋老舗のお店。老舗の味をご堪能ください。', 4000, 5000, '4500000', '愛知県名古屋市中区栄X-XX-XX', '13:00:00', '23:00:00', 110),
(19, '焼き鳥 はなれ', NULL, '名古屋老舗のお店。老舗の味をご堪能ください。', 2000, 4000, '4500000', '愛知県名古屋市中区栄X-XX-XX', '13:00:00', '23:00:00', 120),
(20, '割烹旬菜花', NULL, '名古屋老舗のお店。老舗の味をご堪能ください。', 5000, 6000, '4500000', '愛知県名古屋市中区栄X-XX-XX', '11:00:00', '20:30:00', 130),
(21, 'ちゃんこ屋 あかね', NULL, '名古屋老舗のお店。老舗の味をご堪能ください。', 3000, 4000, '4500000', '愛知県名古屋市中区栄X-XX-XX', '13:00:00', '23:00:00', 140),
(22, '肉の庭半田店', NULL, '名古屋老舗のお店。老舗の味をご堪能ください。', 4000, 5000, '4500000', '愛知県名古屋市中区栄X-XX-XX', '13:00:00', '23:00:00', 150),
(23, 'オーガニック食堂Sngi', NULL, '名古屋老舗のお店。老舗の味をご堪能ください。', 2000, 4000, '4500000', '愛知県名古屋市中区栄X-XX-XX', '10:00:00', '20:00:00', 50),
(24, '寿司 やなや', NULL, '名古屋老舗のお店。老舗の味をご堪能ください。', 5000, 6000, '4500000', '愛知県名古屋市中区栄X-XX-XX', '11:00:00', '20:30:00', 60),
(25, 'ハワイアンバーベキュー 太田川店', NULL, '名古屋老舗のお店。老舗の味をご堪能ください。', 3000, 4000, '4500000', '愛知県名古屋市中区栄X-XX-XX', '10:00:00', '20:00:00', 70),
(26, '中華一番', NULL, '名古屋老舗のお店。老舗の味をご堪能ください。', 4000, 5000, '4500000', '愛知県名古屋市中区栄X-XX-XX', '10:00:00', '20:00:00', 80),
(27, '厚切りステーキとハンバーグ たはらや', NULL, '名古屋老舗のお店。老舗の味をご堪能ください。', 2000, 4000, '4500000', '愛知県名古屋市中区栄X-XX-XX', '9:30:00', '22:00:00', 90),
(28, '名古屋ラーメン 半田店', NULL, '名古屋老舗のお店。老舗の味をご堪能ください。', 5000, 6000, '4500000', '愛知県名古屋市中区栄X-XX-XX', '13:00:00', '23:00:00', 100),
(29, '炭火やきとり オマメ', NULL, '名古屋老舗のお店。老舗の味をご堪能ください。', 3000, 4000, '4500000', '愛知県名古屋市中区栄X-XX-XX', '9:30:00', '22:00:00', 110),
(30, 'ラーメン 餃子 ひびき', NULL, '名古屋老舗のお店。老舗の味をご堪能ください。', 4000, 5000, '4500000', '愛知県名古屋市中区栄X-XX-XX', '11:00:00', '20:30:00', 120),
(31, 'つけ麺MENMARU', NULL, '名古屋老舗のお店。老舗の味をご堪能ください。', 2000, 4000, '4500000', '愛知県名古屋市中区栄X-XX-XX', '9:30:00', '22:00:00', 130),
(32, 'でろ助 金山店', NULL, '名古屋老舗のお店。老舗の味をご堪能ください。', 5000, 6000, '4500000', '愛知県名古屋市中区栄X-XX-XX', '13:00:00', '23:00:00', 140),
(33, 'はらみ専門店 七輪屋', NULL, '名古屋老舗のお店。老舗の味をご堪能ください。', 3000, 4000, '4500000', '愛知県名古屋市中区栄X-XX-XX', '10:00:00', '20:00:00', 150),
(34, 'かどや本店 JR名古屋駅店', NULL, '名古屋老舗のお店。老舗の味をご堪能ください。', 4000, 5000, '4500000', '愛知県名古屋市中区栄X-XX-XX', '10:00:00', '20:00:00', 50),
(35, '手打ちそば 子石', NULL, '名古屋老舗のお店。老舗の味をご堪能ください。', 2000, 4000, '4500000', '愛知県名古屋市中区栄X-XX-XX', '13:00:00', '23:00:00', 60),
(36, '焼肉 カウカウ', NULL, '名古屋老舗のお店。老舗の味をご堪能ください。', 5000, 6000, '4500000', '愛知県名古屋市中区栄X-XX-XX', '11:00:00', '20:30:00', 70),
(37, 'すし徳', NULL, '名古屋老舗のお店。老舗の味をご堪能ください。', 3000, 4000, '4500000', '愛知県名古屋市中区栄X-XX-XX', '9:30:00', '22:00:00', 80),
(38, '手打ちそば 中石', NULL, '名古屋老舗のお店。老舗の味をご堪能ください。', 4000, 5000, '4500000', '愛知県名古屋市中区栄X-XX-XX', '9:30:00', '22:00:00', 90),
(39, '麺屋しろ', NULL, '名古屋老舗のお店。老舗の味をご堪能ください。', 2000, 4000, '4500000', '愛知県名古屋市中区栄X-XX-XX', '13:00:00', '23:00:00', 100),
(40, '焼肉SUKI 阿久比店', NULL, '名古屋老舗のお店。老舗の味をご堪能ください。', 5000, 6000, '4500000', '愛知県名古屋市中区栄X-XX-XX', '9:30:00', '22:00:00', 110),
(41, '炭火串焼コケッコ屋 大須店', NULL, '名古屋老舗のお店。老舗の味をご堪能ください。', 3000, 4000, '4500000', '愛知県名古屋市中区栄X-XX-XX', '11:00:00', '20:30:00', 120),
(42, '晴々久', NULL, '名古屋老舗のお店。老舗の味をご堪能ください。', 4000, 5000, '4500000', '愛知県名古屋市中区栄X-XX-XX', '11:00:00', '20:30:00', 130),
(43, 'おはんざい', NULL, '名古屋老舗のお店。老舗の味をご堪能ください。', 2000, 4000, '4500000', '愛知県名古屋市中区栄X-XX-XX', '11:00:00', '20:30:00', 140),
(44, '名古屋お好み焼き', NULL, '名古屋老舗のお店。老舗の味をご堪能ください。', 5000, 6000, '4500000', '愛知県名古屋市中区栄X-XX-XX', '10:00:00', '20:00:00', 150),
(45, '油そば専門店ブラブラ 名古屋駅前店', NULL, '名古屋老舗のお店。老舗の味をご堪能ください。', 3000, 4000, '4500000', '愛知県名古屋市中区栄X-XX-XX', '10:00:00', '20:00:00', 50),
(46, 'まるまる飯', NULL, '名古屋老舗のお店。老舗の味をご堪能ください。', 4000, 5000, '4500000', '愛知県名古屋市中区栄X-XX-XX', '13:00:00', '23:00:00', 60),
(47, '焼き鳥七輪 太田川店', NULL, '名古屋老舗のお店。老舗の味をご堪能ください。', 2000, 4000, '4500000', '愛知県名古屋市中区栄X-XX-XX', '13:00:00', '23:00:00', 70),
(48, '新みくじ', NULL, '名古屋老舗のお店。老舗の味をご堪能ください。', 5000, 6000, '4500000', '愛知県名古屋市中区栄X-XX-XX', '13:00:00', '23:00:00', 80),
(49, '溝口', NULL, '名古屋老舗のお店。老舗の味をご堪能ください。', 3000, 4000, '4500000', '愛知県名古屋市中区栄X-XX-XX', '9:30:00', '22:00:00', 90),
(50, 'KOTABUKI', NULL, '名古屋老舗のお店。老舗の味をご堪能ください。', 4000, 5000, '4500000', '愛知県名古屋市中区栄X-XX-XX', '13:00:00', '23:00:00', 100),
(51, 'カジュアルてっぱん焼き', NULL, '名古屋老舗のお店。老舗の味をご堪能ください。', 2000, 4000, '4500000', '愛知県名古屋市中区栄X-XX-XX', '9:30:00', '22:00:00', 110),
(52, 'ひこぞう', NULL, '名古屋老舗のお店。老舗の味をご堪能ください。', 5000, 6000, '4500000', '愛知県名古屋市中区栄X-XX-XX', '10:00:00', '20:00:00', 120),
(53, 'キッチンマルポワ', NULL, '名古屋老舗のお店。老舗の味をご堪能ください。', 3000, 4000, '4500000', '愛知県名古屋市中区栄X-XX-XX', '11:00:00', '20:30:00', 130),
(54, '魚と野菜と酒', NULL, '名古屋老舗のお店。老舗の味をご堪能ください。', 4000, 5000, '4500000', '愛知県名古屋市中区栄X-XX-XX', '9:30:00', '22:00:00', 140),
(55, '麺屋名古屋 名古屋金山店', NULL, '名古屋老舗のお店。老舗の味をご堪能ください。', 2000, 4000, '4500000', '愛知県名古屋市中区栄X-XX-XX', '9:30:00', '22:00:00', 150),
(56, 'やきにく 加藤', NULL, '名古屋老舗のお店。老舗の味をご堪能ください。', 5000, 6000, '4500000', '愛知県名古屋市中区栄X-XX-XX', '10:00:00', '20:00:00', 50),
(57, 'すし処みか', NULL, '名古屋老舗のお店。老舗の味をご堪能ください。', 3000, 4000, '4500000', '愛知県名古屋市中区栄X-XX-XX', '11:00:00', '20:30:00', 60),
(58, '炭火やきとり マメ', NULL, '名古屋老舗のお店。老舗の味をご堪能ください。', 4000, 5000, '4500000', '愛知県名古屋市中区栄X-XX-XX', '11:00:00', '20:30:00', 70),
(59, '上下月', NULL, '名古屋老舗のお店。老舗の味をご堪能ください。', 2000, 4000, '4500000', '愛知県名古屋市中区栄X-XX-XX', '10:00:00', '20:00:00', 80),
(60, '名古屋ラーメン 栄本店', NULL, '名古屋老舗のお店。老舗の味をご堪能ください。', 5000, 6000, '4500000', '愛知県名古屋市中区栄X-XX-XX', '13:00:00', '23:00:00', 90),
(61, '肉とホルモンの店 YAMI', NULL, '名古屋老舗のお店。老舗の味をご堪能ください。', 3000, 4000, '4500000', '愛知県名古屋市中区栄X-XX-XX', '10:00:00', '20:00:00', 100),
(62, '焼肉とホルモン焼き 新瑞橋店', NULL, '名古屋老舗のお店。老舗の味をご堪能ください。', 4000, 5000, '4500000', '愛知県名古屋市中区栄X-XX-XX', '9:30:00', '22:00:00', 110),
(63, 'ニクサカバ', NULL, '名古屋老舗のお店。老舗の味をご堪能ください。', 2000, 4000, '4500000', '愛知県名古屋市中区栄X-XX-XX', '11:00:00', '20:30:00', 120),
(64, 'よはく', NULL, '名古屋老舗のお店。老舗の味をご堪能ください。', 5000, 6000, '4500000', '愛知県名古屋市中区栄X-XX-XX', '9:30:00', '22:00:00', 130),
(65, 'お酒とお肉', NULL, '名古屋老舗のお店。老舗の味をご堪能ください。', 3000, 4000, '4500000', '愛知県名古屋市中区栄X-XX-XX', '10:00:00', '20:00:00', 140),
(66, '和牛焼肉Wocca', NULL, '名古屋老舗のお店。老舗の味をご堪能ください。', 4000, 5000, '4500000', '愛知県名古屋市中区栄X-XX-XX', '9:30:00', '22:00:00', 150),
(67, 'なかみどり', NULL, '名古屋老舗のお店。老舗の味をご堪能ください。', 2000, 4000, '4500000', '愛知県名古屋市中区栄X-XX-XX', '10:00:00', '20:00:00', 50),
(68, 'けろ助 金山店', NULL, '名古屋老舗のお店。老舗の味をご堪能ください。', 5000, 6000, '4500000', '愛知県名古屋市中区栄X-XX-XX', '9:30:00', '22:00:00', 60),
(69, '魚と野菜と酒 じゃばらむ', NULL, '名古屋老舗のお店。老舗の味をご堪能ください。', 3000, 4000, '4500000', '愛知県名古屋市中区栄X-XX-XX', '9:30:00', '22:00:00', 70),
(70, '大衆焼肉酒場 ホルモン屋 栄店', NULL, '名古屋老舗のお店。老舗の味をご堪能ください。', 4000, 5000, '4500000', '愛知県名古屋市中区栄X-XX-XX', '10:00:00', '20:00:00', 80),
(71, '麺屋名古屋 半田店', NULL, '名古屋老舗のお店。老舗の味をご堪能ください。', 2000, 4000, '4500000', '愛知県名古屋市中区栄X-XX-XX', '10:00:00', '20:00:00', 90),
(72, 'かつおか', NULL, '名古屋老舗のお店。老舗の味をご堪能ください。', 5000, 6000, '4500000', '愛知県名古屋市中区栄X-XX-XX', '11:00:00', '20:30:00', 100),
(73, 'CRAFT BEER NAGOYA', NULL, '名古屋老舗のお店。老舗の味をご堪能ください。', 3000, 4000, '4500000', '愛知県名古屋市中区栄X-XX-XX', '11:00:00', '20:30:00', 110),
(74, 'TRED2', NULL, '名古屋老舗のお店。老舗の味をご堪能ください。', 4000, 5000, '4500000', '愛知県名古屋市中区栄X-XX-XX', '10:00:00', '20:00:00', 120),
(75, 'どんどん 名駅南一丁目', NULL, '名古屋老舗のお店。老舗の味をご堪能ください。', 2000, 4000, '4500000', '愛知県名古屋市中区栄X-XX-XX', '9:30:00', '22:00:00', 130),
(76, '二代目 康', NULL, '名古屋老舗のお店。老舗の味をご堪能ください。', 5000, 6000, '4500000', '愛知県名古屋市中区栄X-XX-XX', '10:00:00', '20:00:00', 140),
(77, '天ぷらとワインの大島', NULL, '名古屋老舗のお店。老舗の味をご堪能ください。', 3000, 4000, '4500000', '愛知県名古屋市中区栄X-XX-XX', '13:00:00', '23:00:00', 150),
(78, 'すし処ゆか', NULL, '名古屋老舗のお店。老舗の味をご堪能ください。', 4000, 5000, '4500000', '愛知県名古屋市中区栄X-XX-XX', '9:30:00', '22:00:00', 50),
(79, '焼肉ボンバー', NULL, '名古屋老舗のお店。老舗の味をご堪能ください。', 2000, 4000, '4500000', '愛知県名古屋市中区栄X-XX-XX', '13:00:00', '23:00:00', 60),
(80, 'やきにく 佐藤', NULL, '名古屋老舗のお店。老舗の味をご堪能ください。', 5000, 6000, '4500000', '愛知県名古屋市中区栄X-XX-XX', '11:00:00', '20:30:00', 70),
(81, '串カツ 今池店', NULL, '名古屋老舗のお店。老舗の味をご堪能ください。', 3000, 4000, '4500000', '愛知県名古屋市中区栄X-XX-XX', '13:00:00', '23:00:00', 80),
(82, 'まつおか', NULL, '名古屋老舗のお店。老舗の味をご堪能ください。', 4000, 5000, '4500000', '愛知県名古屋市中区栄X-XX-XX', '13:00:00', '23:00:00', 90),
(83, '大衆焼肉酒場 ホルモン屋 半田店', NULL, '名古屋老舗のお店。老舗の味をご堪能ください。', 2000, 4000, '4500000', '愛知県名古屋市中区栄X-XX-XX', '10:00:00', '20:00:00', 100),
(84, '萬新軒', NULL, '名古屋老舗のお店。老舗の味をご堪能ください。', 5000, 6000, '4500000', '愛知県名古屋市中区栄X-XX-XX', '13:00:00', '23:00:00', 110),
(85, 'ハワイアンバーベキュー ささしま太田川店', NULL, '名古屋老舗のお店。老舗の味をご堪能ください。', 3000, 4000, '4500000', '愛知県名古屋市中区栄X-XX-XX', '10:00:00', '20:00:00', 120),
(86, '焼き鳥 はな', NULL, '名古屋老舗のお店。老舗の味をご堪能ください。', 4000, 5000, '4500000', '愛知県名古屋市中区栄X-XX-XX', '11:00:00', '20:30:00', 130),
(87, '口々', NULL, '名古屋老舗のお店。老舗の味をご堪能ください。', 2000, 4000, '4500000', '愛知県名古屋市中区栄X-XX-XX', '13:00:00', '23:00:00', 140),
(88, '焼肉とホルモン 新瑞橋店', NULL, '名古屋老舗のお店。老舗の味をご堪能ください。', 5000, 6000, '4500000', '愛知県名古屋市中区栄X-XX-XX', '9:30:00', '22:00:00', 150),
(89, '上月', NULL, '名古屋老舗のお店。老舗の味をご堪能ください。', 3000, 4000, '4500000', '愛知県名古屋市中区栄X-XX-XX', '9:30:00', '22:00:00', 50),
(90, 'オーガニック食堂Angi', NULL, '名古屋老舗のお店。老舗の味をご堪能ください。', 4000, 5000, '4500000', '愛知県名古屋市中区栄X-XX-XX', '11:00:00', '20:30:00', 60),
(91, '焼き鳥 せぶん', NULL, '名古屋老舗のお店。老舗の味をご堪能ください。', 2000, 4000, '4500000', '愛知県名古屋市中区栄X-XX-XX', '13:00:00', '23:00:00', 70),
(92, 'キッチンマルポー', NULL, '名古屋老舗のお店。老舗の味をご堪能ください。', 5000, 6000, '4500000', '愛知県名古屋市中区栄X-XX-XX', '10:00:00', '20:00:00', 80),
(93, 'ニクサカバ半田店', NULL, '名古屋老舗のお店。老舗の味をご堪能ください。', 3000, 4000, '4500000', '愛知県名古屋市中区栄X-XX-XX', '11:00:00', '20:30:00', 90),
(94, 'ちょもらんま', NULL, '名古屋老舗のお店。老舗の味をご堪能ください。', 4000, 5000, '4500000', '愛知県名古屋市中区栄X-XX-XX', '10:00:00', '20:00:00', 100),
(95, 'やきにく 山崎', NULL, '名古屋老舗のお店。老舗の味をご堪能ください。', 2000, 4000, '4500000', '愛知県名古屋市中区栄X-XX-XX', '11:00:00', '20:30:00', 110),
(96, '台湾ラーメン 田中 守山本店', NULL, '名古屋老舗のお店。老舗の味をご堪能ください。', 5000, 6000, '4500000', '愛知県名古屋市中区栄X-XX-XX', '13:00:00', '23:00:00', 120),
(97, '割烹 加藤', NULL, '名古屋老舗のお店。老舗の味をご堪能ください。', 3000, 4000, '4500000', '愛知県名古屋市中区栄X-XX-XX', '9:30:00', '22:00:00', 130),
(98, 'ちょもちょもらんま', NULL, '名古屋老舗のお店。老舗の味をご堪能ください。', 4000, 5000, '4500000', '愛知県名古屋市中区栄X-XX-XX', '11:00:00', '20:30:00', 140),
(99, '炭火串焼コケッコ屋 半田店', NULL, '名古屋老舗のお店。老舗の味をご堪能ください。', 2000, 4000, '4500000', '愛知県名古屋市中区栄X-XX-XX', '10:00:00', '20:00:00', 150),
(100, '割烹旬菜', NULL, '名古屋老舗のお店。老舗の味をご堪能ください。', 5000, 6000, '4500000', '愛知県名古屋市中区栄X-XX-XX', '9:30:00', '22:00:00', 50);

/* categoriesテーブル */
INSERT IGNORE INTO categories (id, name) VALUES
(1, '居酒屋'),
(2, '焼肉'),
(3, '寿司'),
(4, 'ラーメン'),
(5, '定食'),
(6, 'カレー'),
(7, '喫茶店'),
(8, '中華料理'),
(9, 'イタリア料理'),
(10, 'フランス料理'),
(11, 'スペイン料理'),
(12, '韓国料理'),
(13, 'タイ料理'),
(14, '海鮮料理'),
(15, 'ステーキ'),
(16, 'ハンバーグ'),
(17, 'ハンバーガー'),
(18, 'そば'),
(19, 'うどん'),
(20, 'お好み焼き'),
(21, 'たこ焼き'),
(22, '鍋料理'),
(23, 'バー'),
(24, 'パン'),
(25, 'スイーツ'),
(26, '和食'),
(27, 'おでん'),
(28, '焼き鳥'),
(29, 'すき焼き'),
(30, 'しゃぶしゃぶ'),
(31, '天ぷら'),
(32, '揚げ物'),
(33, '丼物'),
(34, '鉄板焼き');


/* category_restaurantテーブル */
INSERT IGNORE INTO category_restaurant (id, restaurant_id, category_id) VALUES
(1,1,17),
(2,2,2),
(3,3,26),
(4,3,19),
(5,4,4),
(6,5,2),
(7,6,2),
(8,7,26),
(9,8,17),
(10,9,2),
(11,10,28),
(12,11,2),
(13,12,15),
(14,13,26),
(15,13,18),
(16,13,19),
(17,14,2),
(18,15,26),
(19,15,33),
(20,15,1),
(21,16,26),
(22,17,26),
(23,18,2),
(24,19,28),
(25,20,26),
(26,20,6),
(27,21,22),
(28,22,2),
(29,23,10),
(30,24,26),
(31,25,2),
(32,26,8),
(33,27,15),
(34,28,4),
(35,29,28),
(36,30,4),
(37,31,4),
(38,32,2),
(39,33,2),
(40,34,26),
(41,34,27),
(42,35,18),
(43,36,2),
(44,37,26),
(45,38,18),
(46,39,26),
(47,40,2),
(48,41,28),
(49,42,26),
(50,43,26),
(51,44,20),
(52,44,21),
(53,45,4),
(54,46,12),
(55,47,28),
(56,48,26),
(57,49,26),
(58,50,8),
(59,51,34),
(60,52,26),
(61,53,5),
(62,54,14),
(63,54,1),
(64,55,4),
(65,56,2),
(66,57,3),
(67,58,28),
(68,59,26),
(69,60,4),
(70,61,2),
(71,62,2),
(72,63,2),
(73,64,26),
(74,65,26),
(75,66,2),
(76,67,32),
(77,68,2),
(78,69,14),
(79,69,1),
(80,70,2),
(81,70,1),
(82,71,4),
(83,72,15),
(84,73,15),
(85,74,2),
(86,75,26),
(87,76,4),
(88,77,31),
(89,78,3),
(90,79,2),
(91,80,2),
(92,81,28),
(93,82,15),
(94,83,2),
(95,84,4),
(96,85,2),
(97,86,28),
(98,87,26),
(99,88,2),
(100,89,26),
(101,90,10),
(102,91,28),
(103,92,5),
(104,93,2),
(105,94,2),
(106,95,2),
(107,96,4),
(108,97,26),
(109,97,27),
(110,98,2),
(111,99,28),
(112,100,26);